{
    "metadata": {
        "strategy_id": "factortest_28_5_26",
        "strategy_name": "factortest_28_5_26",
        "status": "BACKTESTED",
        "created_at": "2026-05-28T01:19:00.919757",
        "metrics_schema_version": "alpha_kpi_v2",
        "t_stat_method": "newey_west",
        "p_value_method": "approx_from_displayed_t_stat"
    },
    "environment_config": {
        "universe": "aligned_MYX-FCPO1_ZL1 (Aligned)",
        "timeframe": "unknown"
    },
    "alpha_pipeline": {
        "expression": "# 核心代码一：计算价差\nspread = df['myx-fcpo1!_close'] - df['zl1!_close']\n\n# 核心代码二：计算 Z-Score 因子\ndf['factor'] = (spread - spread.rolling(40).mean()) / spread.rolling(40).std()",
        "winsor_method": "3-Sigma",
        "quantile_lb": 0.01,
        "quantile_ub": 0.99,
        "risk_factors": [],
        "ridge_alpha": 1.0,
        "auto_drop_zero_vol": false
    },
    "alpha_profile": {
        "metrics": {
            "Rank IC_Mean": -0.07648517216351698,
            "ICIR": -0.36506398495520753,
            "T-Stat": -5.721945816015493,
            "NW T-Stat": -5.721945816015493,
            "Plain T-Stat": -15.162246044604458,
            "P-Value Method": "approx_from_displayed_t_stat",
            "T-Stat Method": "newey_west",
            "Positive IC Win Rate": 0.3298550724637681,
            "Directional Win Rate": 0.6701449275362319,
            "Win Rate": 0.6701449275362319
        },
        "professional_metrics": {
            "ic_mean": -0.021730723624840416,
            "rank_ic_mean": -0.07648517216351698,
            "ic_ir": -0.024269617242265788,
            "rank_ic_ir": -0.36506398495520753,
            "global_ic_mean": -0.021730723624840416,
            "global_rank_ic_mean": -0.04815076692492862,
            "t_stat": -5.721945816015493,
            "nw_t_stat": -5.721945816015493,
            "plain_t_stat": -15.162246044604458,
            "t_stat_method": "newey_west",
            "ic_win_rate": 0.6701449275362319,
            "autocorrelation": 0.8892316911958813,
            "quantile_turnover": 0.0,
            "half_life": 5.90427762130829,
            "autocorr_regime": "normal_decay",
            "factor_coverage": 0.9782608695652174,
            "return_coverage": 0.9777034559643255,
            "coverage": 0.9777034559643255,
            "n_samples": 1725
        }
    },
    "backtest_profile": {
        "settings": {
            "multiplier": 25.0,
            "commission": 15.0,
            "slippage": 1.0,
            "strategy": "Mean Reversion",
            "initial_capital": 100000.0,
            "upper_bound": 0.5,
            "lower_bound": -0.5,
            "initial_margin": 5000.0,
            "allow_overnight": true,
            "allow_lunch": true,
            "execution_mode": "Close (T+1)",
            "risk_target": 1.0,
            "sl_pct": 0.0,
            "use_adx_filter": false,
            "max_lots": 20
        },
        "metrics": {
            "Net Profit": -28845.0,
            "Total Net Profit": -28845.0,
            "Profit Factor": 0.71,
            "Win Rate": 43.75,
            "Win Rate (%)": 43.75,
            "Max Drawdown": 28.64,
            "Max Drawdown (%)": 28.64,
            "Recovery Factor": -1.01,
            "Max DD Duration": 25.0,
            "Sharpe Ratio": -2.76,
            "Calmar Ratio": -3.44,
            "Total Trades": 128,
            "Initial Capital": 100000.0
        }
    },
    "risk_audit": {
        "status": "PENDING",
        "details": null
    }
}